rabbitmq,1,1,7376
rabbitmq,1,1,7234
rabbitmq,1,1,7271
rabbitmq,1,1,7252
rabbitmq,1,1,6976
rabbitmq,1,1,7988
rabbitmq,1,1,7380
rabbitmq,1,1,7330
rabbitmq,1,1,7260
rabbitmq,1,1,7370
rabbitmq,1,1,7254
rabbitmq,1,1,7212
rabbitmq,1,1,7336
rabbitmq,1,1,7254
rabbitmq,1,1,7551
rabbitmq,1,1,7228
rabbitmq,1,1,7270
rabbitmq,1,1,7359
rabbitmq,1,1,7125
rabbitmq,1,1,7186
rabbitmq,1,1,7156
rabbitmq,1,1,7476
rabbitmq,1,1,7140
rabbitmq,1,1,7262
rabbitmq,1,1,7434
rabbitmq,1,1,7399
rabbitmq,1,1,7340
rabbitmq,1,1,7312
rabbitmq,1,1,7370
rabbitmq,1,1,7245
rabbitmq,2,1,10176
rabbitmq,2,2,10169
rabbitmq,2,2,10089
rabbitmq,2,1,10103
rabbitmq,2,1,9895
rabbitmq,2,2,9896
rabbitmq,2,2,10078
rabbitmq,2,1,10097
rabbitmq,2,2,9833
rabbitmq,2,1,9851
rabbitmq,2,2,10127
rabbitmq,2,1,10164
rabbitmq,2,2,9841
rabbitmq,2,1,9867
rabbitmq,2,2,10032
rabbitmq,2,1,10040
rabbitmq,2,1,10100
rabbitmq,2,2,10094
rabbitmq,2,1,10147
rabbitmq,2,2,10157
rabbitmq,2,1,9821
rabbitmq,2,2,9822
rabbitmq,2,1,9801
rabbitmq,2,2,9802
rabbitmq,2,1,9780
rabbitmq,2,2,9797
rabbitmq,2,1,10271
rabbitmq,2,2,10286
rabbitmq,2,1,9896
rabbitmq,2,2,9888
rabbitmq,5,2,16954
rabbitmq,5,3,16921
rabbitmq,5,4,16952
rabbitmq,5,5,16932
rabbitmq,5,1,17040
rabbitmq,5,4,17893
rabbitmq,5,3,17909
rabbitmq,5,1,17937
rabbitmq,5,2,17983
rabbitmq,5,5,17959
rabbitmq,5,3,17641
rabbitmq,5,5,17625
rabbitmq,5,1,17621
rabbitmq,5,2,17685
rabbitmq,5,4,17687
rabbitmq,5,2,16736
rabbitmq,5,4,16770
rabbitmq,5,3,16793
rabbitmq,5,1,16807
rabbitmq,5,5,16805
rabbitmq,5,4,17351
rabbitmq,5,1,17398
rabbitmq,5,5,17387
rabbitmq,5,2,17423
rabbitmq,5,3,17425
rabbitmq,5,3,17328
rabbitmq,5,2,17369
rabbitmq,5,4,17372
rabbitmq,5,1,17467
rabbitmq,5,5,17432

